Any,Codi_Districte,Nom_Districte,Codi_Barri,Nom_Barri,Seccio_Censal,Import_Renda_Bruta_€
2023,1,Ciutat Vella,1,el Raval,1,17113
2023,1,Ciutat Vella,1,el Raval,2,13081
2023,1,Ciutat Vella,1,el Raval,3,12707
2023,1,Ciutat Vella,1,el Raval,4,16040
2023,1,Ciutat Vella,1,el Raval,5,13549
2023,1,Ciutat Vella,1,el Raval,6,14731
2023,1,Ciutat Vella,1,el Raval,7,13194
2023,1,Ciutat Vella,1,el Raval,8,10120
2023,1,Ciutat Vella,1,el Raval,9,13797
2023,1,Ciutat Vella,1,el Raval,10,11900
2023,1,Ciutat Vella,1,el Raval,11,11784
2023,1,Ciutat Vella,1,el Raval,12,15420
2023,1,Ciutat Vella,1,el Raval,13,14826
2023,1,Ciutat Vella,1,el Raval,14,14635
2023,1,Ciutat Vella,1,el Raval,15,14058
2023,1,Ciutat Vella,1,el Raval,16,14344
2023,1,Ciutat Vella,1,el Raval,17,11925
2023,1,Ciutat Vella,1,el Raval,18,13843
2023,1,Ciutat Vella,1,el Raval,19,13935
2023,1,Ciutat Vella,1,el Raval,20,21686
2023,1,Ciutat Vella,1,el Raval,21,21416
2023,1,Ciutat Vella,2,el Barri Gòtic,22,29236
2023,1,Ciutat Vella,2,el Barri Gòtic,23,22779
2023,1,Ciutat Vella,2,el Barri Gòtic,25,20733
2023,1,Ciutat Vella,2,el Barri Gòtic,26,22205
2023,1,Ciutat Vella,2,el Barri Gòtic,27,19720
2023,1,Ciutat Vella,2,el Barri Gòtic,28,19674
2023,1,Ciutat Vella,2,el Barri Gòtic,29,17379
2023,1,Ciutat Vella,2,el Barri Gòtic,30,17503
2023,1,Ciutat Vella,2,el Barri Gòtic,31,17004
2023,1,Ciutat Vella,3,la Barceloneta,32,21551
2023,1,Ciutat Vella,3,la Barceloneta,33,17216
2023,1,Ciutat Vella,3,la Barceloneta,34,18541
2023,1,Ciutat Vella,3,la Barceloneta,35,18068
2023,1,Ciutat Vella,3,la Barceloneta,36,18313
2023,1,Ciutat Vella,3,la Barceloneta,37,19503
2023,1,Ciutat Vella,3,la Barceloneta,38,16995
2023,1,Ciutat Vella,3,la Barceloneta,39,19763
2023,1,Ciutat Vella,3,la Barceloneta,40,21002
2023,1,Ciutat Vella,3,la Barceloneta,41,18864
2023,1,Ciutat Vella,3,la Barceloneta,42,18853
2023,1,Ciutat Vella,4,"Sant Pere, Santa Caterina i la Ribera",43,27497
2023,1,Ciutat Vella,4,"Sant Pere, Santa Caterina i la Ribera",44,24567
2023,1,Ciutat Vella,4,"Sant Pere, Santa Caterina i la Ribera",45,21257
2023,1,Ciutat Vella,4,"Sant Pere, Santa Caterina i la Ribera",46,20338
2023,1,Ciutat Vella,4,"Sant Pere, Santa Caterina i la Ribera",47,20074
2023,1,Ciutat Vella,4,"Sant Pere, Santa Caterina i la Ribera",48,15420
2023,1,Ciutat Vella,4,"Sant Pere, Santa Caterina i la Ribera",49,21124
2023,1,Ciutat Vella,4,"Sant Pere, Santa Caterina i la Ribera",50,19248
2023,1,Ciutat Vella,4,"Sant Pere, Santa Caterina i la Ribera",51,17710
2023,1,Ciutat Vella,4,"Sant Pere, Santa Caterina i la Ribera",52,27159
2023,1,Ciutat Vella,4,"Sant Pere, Santa Caterina i la Ribera",53,18097
2023,1,Ciutat Vella,4,"Sant Pere, Santa Caterina i la Ribera",54,20498
2023,1,Ciutat Vella,4,"Sant Pere, Santa Caterina i la Ribera",55,24969
2023,2,L'Eixample,5,el Fort Pienc,1,25304
2023,2,L'Eixample,5,el Fort Pienc,2,26015
2023,2,L'Eixample,5,el Fort Pienc,3,28734
2023,2,L'Eixample,5,el Fort Pienc,4,23134
2023,2,L'Eixample,5,el Fort Pienc,5,28228
2023,2,L'Eixample,5,el Fort Pienc,6,29550
2023,2,L'Eixample,5,el Fort Pienc,7,33301
2023,2,L'Eixample,5,el Fort Pienc,8,28005
2023,2,L'Eixample,5,el Fort Pienc,9,27408
2023,2,L'Eixample,5,el Fort Pienc,10,25412
2023,2,L'Eixample,5,el Fort Pienc,11,26641
2023,2,L'Eixample,5,el Fort Pienc,12,20845
2023,2,L'Eixample,5,el Fort Pienc,13,23111
2023,2,L'Eixample,5,el Fort Pienc,14,22607
2023,2,L'Eixample,5,el Fort Pienc,15,22641
2023,2,L'Eixample,5,el Fort Pienc,16,28873
2023,2,L'Eixample,5,el Fort Pienc,17,29446
2023,2,L'Eixample,5,el Fort Pienc,18,28687
2023,2,L'Eixample,5,el Fort Pienc,19,26625
2023,2,L'Eixample,5,el Fort Pienc,20,25479
2023,2,L'Eixample,6,la Sagrada Família,21,24976
2023,2,L'Eixample,6,la Sagrada Família,22,24923
2023,2,L'Eixample,6,la Sagrada Família,23,26772
2023,2,L'Eixample,6,la Sagrada Família,24,23150
2023,2,L'Eixample,6,la Sagrada Família,25,22824
2023,2,L'Eixample,6,la Sagrada Família,26,24711
2023,2,L'Eixample,6,la Sagrada Família,27,23804
2023,2,L'Eixample,6,la Sagrada Família,28,24709
2023,2,L'Eixample,6,la Sagrada Família,29,26152
2023,2,L'Eixample,6,la Sagrada Família,30,21841
2023,2,L'Eixample,6,la Sagrada Família,31,26214
2023,2,L'Eixample,6,la Sagrada Família,32,24960
2023,2,L'Eixample,6,la Sagrada Família,33,25441
2023,2,L'Eixample,6,la Sagrada Família,34,22162
2023,2,L'Eixample,6,la Sagrada Família,35,24993
2023,2,L'Eixample,6,la Sagrada Família,36,28092
2023,2,L'Eixample,6,la Sagrada Família,37,30197
2023,2,L'Eixample,6,la Sagrada Família,38,29446
2023,2,L'Eixample,6,la Sagrada Família,39,23950
2023,2,L'Eixample,6,la Sagrada Família,40,21617
2023,2,L'Eixample,6,la Sagrada Família,41,25062
2023,2,L'Eixample,6,la Sagrada Família,42,27840
2023,2,L'Eixample,6,la Sagrada Família,43,26481
2023,2,L'Eixample,6,la Sagrada Família,44,21587
2023,2,L'Eixample,6,la Sagrada Família,45,26623
2023,2,L'Eixample,6,la Sagrada Família,46,22933
2023,2,L'Eixample,6,la Sagrada Família,47,24468
2023,2,L'Eixample,6,la Sagrada Família,48,24386
2023,2,L'Eixample,6,la Sagrada Família,49,23341
2023,2,L'Eixample,6,la Sagrada Família,50,24955
2023,2,L'Eixample,6,la Sagrada Família,51,23801
2023,2,L'Eixample,6,la Sagrada Família,52,26389
2023,2,L'Eixample,6,la Sagrada Família,53,27179
2023,2,L'Eixample,6,la Sagrada Família,54,25981
2023,2,L'Eixample,7,la Dreta de l'Eixample,55,28879
2023,2,L'Eixample,7,la Dreta de l'Eixample,56,29455
2023,2,L'Eixample,7,la Dreta de l'Eixample,57,36463
2023,2,L'Eixample,7,la Dreta de l'Eixample,58,34235
2023,2,L'Eixample,7,la Dreta de l'Eixample,59,33336
2023,2,L'Eixample,7,la Dreta de l'Eixample,60,31782
2023,2,L'Eixample,7,la Dreta de l'Eixample,61,27676
2023,2,L'Eixample,7,la Dreta de l'Eixample,62,36625
2023,2,L'Eixample,7,la Dreta de l'Eixample,63,43133
2023,2,L'Eixample,7,la Dreta de l'Eixample,64,41904
2023,2,L'Eixample,7,la Dreta de l'Eixample,65,32357
2023,2,L'Eixample,7,la Dreta de l'Eixample,66,29634
2023,2,L'Eixample,7,la Dreta de l'Eixample,67,26515
2023,2,L'Eixample,7,la Dreta de l'Eixample,68,28223
2023,2,L'Eixample,7,la Dreta de l'Eixample,69,32936
2023,2,L'Eixample,7,la Dreta de l'Eixample,70,34279
2023,2,L'Eixample,7,la Dreta de l'Eixample,71,35541
2023,2,L'Eixample,7,la Dreta de l'Eixample,72,39176
2023,2,L'Eixample,7,la Dreta de l'Eixample,73,36207
2023,2,L'Eixample,7,la Dreta de l'Eixample,74,38539
2023,2,L'Eixample,7,la Dreta de l'Eixample,75,34160
2023,2,L'Eixample,7,la Dreta de l'Eixample,76,41431
2023,2,L'Eixample,7,la Dreta de l'Eixample,77,35410
2023,2,L'Eixample,7,la Dreta de l'Eixample,78,41421
2023,2,L'Eixample,7,la Dreta de l'Eixample,79,44989
2023,2,L'Eixample,7,la Dreta de l'Eixample,80,44086
2023,2,L'Eixample,7,la Dreta de l'Eixample,81,40994
2023,2,L'Eixample,7,la Dreta de l'Eixample,82,41610
2023,2,L'Eixample,7,la Dreta de l'Eixample,83,46029
2023,2,L'Eixample,8,l'Antiga Esquerra de l'Eixample,84,34644
2023,2,L'Eixample,8,l'Antiga Esquerra de l'Eixample,85,36181
2023,2,L'Eixample,8,l'Antiga Esquerra de l'Eixample,86,40192
2023,2,L'Eixample,8,l'Antiga Esquerra de l'Eixample,87,33496
2023,2,L'Eixample,8,l'Antiga Esquerra de l'Eixample,88,36432
2023,2,L'Eixample,8,l'Antiga Esquerra de l'Eixample,89,34492
2023,2,L'Eixample,8,l'Antiga Esquerra de l'Eixample,90,30930
2023,2,L'Eixample,8,l'Antiga Esquerra de l'Eixample,91,32406
2023,2,L'Eixample,8,l'Antiga Esquerra de l'Eixample,92,29925
2023,2,L'Eixample,8,l'Antiga Esquerra de l'Eixample,93,31793
2023,2,L'Eixample,8,l'Antiga Esquerra de l'Eixample,94,29995
2023,2,L'Eixample,8,l'Antiga Esquerra de l'Eixample,95,32348
2023,2,L'Eixample,8,l'Antiga Esquerra de l'Eixample,96,28845
2023,2,L'Eixample,8,l'Antiga Esquerra de l'Eixample,97,27135
2023,2,L'Eixample,8,l'Antiga Esquerra de l'Eixample,98,30821
2023,2,L'Eixample,8,l'Antiga Esquerra de l'Eixample,99,34478
2023,2,L'Eixample,8,l'Antiga Esquerra de l'Eixample,100,30831
2023,2,L'Eixample,8,l'Antiga Esquerra de l'Eixample,101,29048
2023,2,L'Eixample,8,l'Antiga Esquerra de l'Eixample,102,36451
2023,2,L'Eixample,8,l'Antiga Esquerra de l'Eixample,103,25866
2023,2,L'Eixample,8,l'Antiga Esquerra de l'Eixample,104,34007
2023,2,L'Eixample,8,l'Antiga Esquerra de l'Eixample,105,27618
2023,2,L'Eixample,8,l'Antiga Esquerra de l'Eixample,106,35304
2023,2,L'Eixample,8,l'Antiga Esquerra de l'Eixample,107,38185
2023,2,L'Eixample,8,l'Antiga Esquerra de l'Eixample,108,38773
2023,2,L'Eixample,8,l'Antiga Esquerra de l'Eixample,109,38483
2023,2,L'Eixample,9,la Nova Esquerra de l'Eixample,110,29219
2023,2,L'Eixample,9,la Nova Esquerra de l'Eixample,111,29693
2023,2,L'Eixample,9,la Nova Esquerra de l'Eixample,112,37512
2023,2,L'Eixample,9,la Nova Esquerra de l'Eixample,113,34382
2023,2,L'Eixample,9,la Nova Esquerra de l'Eixample,114,29034
2023,2,L'Eixample,9,la Nova Esquerra de l'Eixample,115,29430
2023,2,L'Eixample,9,la Nova Esquerra de l'Eixample,116,34683
2023,2,L'Eixample,9,la Nova Esquerra de l'Eixample,117,27912
2023,2,L'Eixample,9,la Nova Esquerra de l'Eixample,118,33621
2023,2,L'Eixample,9,la Nova Esquerra de l'Eixample,119,30647
2023,2,L'Eixample,9,la Nova Esquerra de l'Eixample,120,27228
2023,2,L'Eixample,9,la Nova Esquerra de l'Eixample,121,31435
2023,2,L'Eixample,9,la Nova Esquerra de l'Eixample,122,33493
2023,2,L'Eixample,9,la Nova Esquerra de l'Eixample,123,28201
2023,2,L'Eixample,9,la Nova Esquerra de l'Eixample,124,30287
2023,2,L'Eixample,9,la Nova Esquerra de l'Eixample,125,29513
2023,2,L'Eixample,9,la Nova Esquerra de l'Eixample,126,31803
2023,2,L'Eixample,9,la Nova Esquerra de l'Eixample,127,26669
2023,2,L'Eixample,9,la Nova Esquerra de l'Eixample,128,24816
2023,2,L'Eixample,9,la Nova Esquerra de l'Eixample,129,28145
2023,2,L'Eixample,9,la Nova Esquerra de l'Eixample,130,41595
2023,2,L'Eixample,9,la Nova Esquerra de l'Eixample,131,27290
2023,2,L'Eixample,9,la Nova Esquerra de l'Eixample,132,29411
2023,2,L'Eixample,9,la Nova Esquerra de l'Eixample,133,28915
2023,2,L'Eixample,9,la Nova Esquerra de l'Eixample,134,26532
2023,2,L'Eixample,9,la Nova Esquerra de l'Eixample,135,24695
2023,2,L'Eixample,9,la Nova Esquerra de l'Eixample,136,27631
2023,2,L'Eixample,9,la Nova Esquerra de l'Eixample,137,24672
2023,2,L'Eixample,9,la Nova Esquerra de l'Eixample,138,28748
2023,2,L'Eixample,9,la Nova Esquerra de l'Eixample,139,28345
2023,2,L'Eixample,9,la Nova Esquerra de l'Eixample,140,26909
2023,2,L'Eixample,9,la Nova Esquerra de l'Eixample,141,25864
2023,2,L'Eixample,9,la Nova Esquerra de l'Eixample,142,23902
2023,2,L'Eixample,9,la Nova Esquerra de l'Eixample,143,26614
2023,2,L'Eixample,9,la Nova Esquerra de l'Eixample,144,30245
2023,2,L'Eixample,9,la Nova Esquerra de l'Eixample,145,26664
2023,2,L'Eixample,9,la Nova Esquerra de l'Eixample,146,26388
2023,2,L'Eixample,9,la Nova Esquerra de l'Eixample,147,26160
2023,2,L'Eixample,9,la Nova Esquerra de l'Eixample,148,29594
2023,2,L'Eixample,9,la Nova Esquerra de l'Eixample,149,25813
2023,2,L'Eixample,10,Sant Antoni,150,22727
2023,2,L'Eixample,10,Sant Antoni,151,26446
2023,2,L'Eixample,10,Sant Antoni,152,28313
2023,2,L'Eixample,10,Sant Antoni,153,27645
2023,2,L'Eixample,10,Sant Antoni,154,21231
2023,2,L'Eixample,10,Sant Antoni,155,23651
2023,2,L'Eixample,10,Sant Antoni,156,25787
2023,2,L'Eixample,10,Sant Antoni,157,23283
2023,2,L'Eixample,10,Sant Antoni,158,24402
2023,2,L'Eixample,10,Sant Antoni,159,26358
2023,2,L'Eixample,10,Sant Antoni,160,29294
2023,2,L'Eixample,10,Sant Antoni,161,25428
2023,2,L'Eixample,10,Sant Antoni,162,24188
2023,2,L'Eixample,10,Sant Antoni,163,27541
2023,2,L'Eixample,10,Sant Antoni,164,26634
2023,2,L'Eixample,10,Sant Antoni,165,27607
2023,2,L'Eixample,10,Sant Antoni,166,25567
2023,2,L'Eixample,10,Sant Antoni,167,26001
2023,2,L'Eixample,10,Sant Antoni,168,24826
2023,2,L'Eixample,10,Sant Antoni,169,25365
2023,2,L'Eixample,10,Sant Antoni,170,26180
2023,2,L'Eixample,10,Sant Antoni,171,22716
2023,2,L'Eixample,10,Sant Antoni,172,23931
2023,2,L'Eixample,10,Sant Antoni,173,25208
2023,3,Sants-Montjuïc,11,el Poble Sec,1,20421
2023,3,Sants-Montjuïc,11,el Poble Sec,2,18823
2023,3,Sants-Montjuïc,11,el Poble Sec,3,18215
2023,3,Sants-Montjuïc,11,el Poble Sec,4,22393
2023,3,Sants-Montjuïc,11,el Poble Sec,5,19584
2023,3,Sants-Montjuïc,11,el Poble Sec,6,19316
2023,3,Sants-Montjuïc,11,el Poble Sec,7,19174
2023,3,Sants-Montjuïc,11,el Poble Sec,8,18992
2023,3,Sants-Montjuïc,11,el Poble Sec,9,20622
2023,3,Sants-Montjuïc,11,el Poble Sec,10,17715
2023,3,Sants-Montjuïc,11,el Poble Sec,11,16124
2023,3,Sants-Montjuïc,11,el Poble Sec,12,18922
2023,3,Sants-Montjuïc,11,el Poble Sec,13,17973
2023,3,Sants-Montjuïc,11,el Poble Sec,14,16943
2023,3,Sants-Montjuïc,11,el Poble Sec,15,18988
2023,3,Sants-Montjuïc,11,el Poble Sec,16,18386
2023,3,Sants-Montjuïc,11,el Poble Sec,17,18707
2023,3,Sants-Montjuïc,11,el Poble Sec,18,18516
2023,3,Sants-Montjuïc,11,el Poble Sec,19,18311
2023,3,Sants-Montjuïc,11,el Poble Sec,20,21396
2023,3,Sants-Montjuïc,11,el Poble Sec,21,21016
2023,3,Sants-Montjuïc,11,el Poble Sec,22,21345
2023,3,Sants-Montjuïc,11,el Poble Sec,23,17979
2023,3,Sants-Montjuïc,11,el Poble Sec,24,19189
2023,3,Sants-Montjuïc,12,la Marina del Prat Vermell,25,17334
2023,3,Sants-Montjuïc,13,la Marina de Port,26,18217
2023,3,Sants-Montjuïc,13,la Marina de Port,27,20528
2023,3,Sants-Montjuïc,13,la Marina de Port,28,23339
2023,3,Sants-Montjuïc,13,la Marina de Port,29,17065
2023,3,Sants-Montjuïc,13,la Marina de Port,30,19390
2023,3,Sants-Montjuïc,13,la Marina de Port,31,17861
2023,3,Sants-Montjuïc,13,la Marina de Port,32,15277
2023,3,Sants-Montjuïc,13,la Marina de Port,33,13670
2023,3,Sants-Montjuïc,13,la Marina de Port,34,17950
2023,3,Sants-Montjuïc,13,la Marina de Port,35,19214
2023,3,Sants-Montjuïc,13,la Marina de Port,36,21806
2023,3,Sants-Montjuïc,13,la Marina de Port,37,20661
2023,3,Sants-Montjuïc,13,la Marina de Port,38,14724
2023,3,Sants-Montjuïc,13,la Marina de Port,39,13691
2023,3,Sants-Montjuïc,14,la Font de la Guatlla,40,25182
2023,3,Sants-Montjuïc,14,la Font de la Guatlla,41,21555
2023,3,Sants-Montjuïc,14,la Font de la Guatlla,42,21808
2023,3,Sants-Montjuïc,14,la Font de la Guatlla,43,23242
2023,3,Sants-Montjuïc,14,la Font de la Guatlla,44,20863
2023,3,Sants-Montjuïc,14,la Font de la Guatlla,45,22843
2023,3,Sants-Montjuïc,14,la Font de la Guatlla,46,26827
2023,3,Sants-Montjuïc,15,Hostafrancs,47,21539
2023,3,Sants-Montjuïc,15,Hostafrancs,48,26387
2023,3,Sants-Montjuïc,15,Hostafrancs,49,22446
2023,3,Sants-Montjuïc,15,Hostafrancs,50,24082
2023,3,Sants-Montjuïc,15,Hostafrancs,51,18733
2023,3,Sants-Montjuïc,15,Hostafrancs,52,20987
2023,3,Sants-Montjuïc,15,Hostafrancs,53,20395
2023,3,Sants-Montjuïc,15,Hostafrancs,54,22937
2023,3,Sants-Montjuïc,15,Hostafrancs,55,21751
2023,3,Sants-Montjuïc,15,Hostafrancs,56,20451
2023,3,Sants-Montjuïc,16,la Bordeta,57,20692
2023,3,Sants-Montjuïc,16,la Bordeta,58,28000
2023,3,Sants-Montjuïc,16,la Bordeta,59,21343
2023,3,Sants-Montjuïc,16,la Bordeta,60,23669
2023,3,Sants-Montjuïc,16,la Bordeta,61,20315
2023,3,Sants-Montjuïc,16,la Bordeta,62,21722
2023,3,Sants-Montjuïc,16,la Bordeta,63,21213
2023,3,Sants-Montjuïc,16,la Bordeta,64,22394
2023,3,Sants-Montjuïc,16,la Bordeta,65,22488
2023,3,Sants-Montjuïc,16,la Bordeta,66,20117
2023,3,Sants-Montjuïc,16,la Bordeta,67,22054
2023,3,Sants-Montjuïc,16,la Bordeta,68,19207
2023,3,Sants-Montjuïc,16,la Bordeta,69,22560
2023,3,Sants-Montjuïc,17,Sants-Badal,70,17999
2023,3,Sants-Montjuïc,17,Sants-Badal,71,18785
2023,3,Sants-Montjuïc,17,Sants-Badal,72,19607
2023,3,Sants-Montjuïc,17,Sants-Badal,73,22715
2023,3,Sants-Montjuïc,17,Sants-Badal,74,21334
2023,3,Sants-Montjuïc,17,Sants-Badal,75,20505
2023,3,Sants-Montjuïc,17,Sants-Badal,76,20435
2023,3,Sants-Montjuïc,17,Sants-Badal,77,20591
2023,3,Sants-Montjuïc,17,Sants-Badal,78,18707
2023,3,Sants-Montjuïc,17,Sants-Badal,79,19008
2023,3,Sants-Montjuïc,17,Sants-Badal,80,20935
2023,3,Sants-Montjuïc,17,Sants-Badal,81,21640
2023,3,Sants-Montjuïc,17,Sants-Badal,82,24475
2023,3,Sants-Montjuïc,17,Sants-Badal,83,23421
2023,3,Sants-Montjuïc,17,Sants-Badal,84,23321
2023,3,Sants-Montjuïc,17,Sants-Badal,85,24818
2023,3,Sants-Montjuïc,18,Sants,86,29001
2023,3,Sants-Montjuïc,18,Sants,87,26415
2023,3,Sants-Montjuïc,18,Sants,88,24233
2023,3,Sants-Montjuïc,18,Sants,89,25753
2023,3,Sants-Montjuïc,18,Sants,90,28071
2023,3,Sants-Montjuïc,18,Sants,91,25157
2023,3,Sants-Montjuïc,18,Sants,92,24324
2023,3,Sants-Montjuïc,18,Sants,93,25286
2023,3,Sants-Montjuïc,18,Sants,94,25172
2023,3,Sants-Montjuïc,18,Sants,95,23573
2023,3,Sants-Montjuïc,18,Sants,96,21720
2023,3,Sants-Montjuïc,18,Sants,97,17127
2023,3,Sants-Montjuïc,18,Sants,98,19681
2023,3,Sants-Montjuïc,18,Sants,99,21667
2023,3,Sants-Montjuïc,18,Sants,100,23019
2023,3,Sants-Montjuïc,18,Sants,101,22322
2023,3,Sants-Montjuïc,18,Sants,102,22292
2023,3,Sants-Montjuïc,18,Sants,103,22895
2023,3,Sants-Montjuïc,18,Sants,104,21340
2023,3,Sants-Montjuïc,18,Sants,105,21088
2023,3,Sants-Montjuïc,18,Sants,106,22797
2023,3,Sants-Montjuïc,18,Sants,107,23396
2023,3,Sants-Montjuïc,18,Sants,108,22397
2023,3,Sants-Montjuïc,18,Sants,109,24669
2023,3,Sants-Montjuïc,18,Sants,110,25428
2023,3,Sants-Montjuïc,18,Sants,111,25741
2023,3,Sants-Montjuïc,18,Sants,112,27414
2023,3,Sants-Montjuïc,18,Sants,113,34645
2023,3,Sants-Montjuïc,18,Sants,114,30397
2023,3,Sants-Montjuïc,13,la Marina de Port,211,19624
2023,3,Sants-Montjuïc,13,la Marina de Port,212,17452
2023,3,Sants-Montjuïc,13,la Marina de Port,213,15124
2023,4,Les Corts,19,les Corts,1,28570
2023,4,Les Corts,19,les Corts,2,31074
2023,4,Les Corts,19,les Corts,3,31507
2023,4,Les Corts,19,les Corts,4,28370
2023,4,Les Corts,19,les Corts,5,27918
2023,4,Les Corts,19,les Corts,6,29244
2023,4,Les Corts,19,les Corts,7,24459
2023,4,Les Corts,19,les Corts,8,24695
2023,4,Les Corts,19,les Corts,9,28204
2023,4,Les Corts,19,les Corts,10,32760
2023,4,Les Corts,19,les Corts,11,33961
2023,4,Les Corts,19,les Corts,12,32267
2023,4,Les Corts,19,les Corts,13,34794
2023,4,Les Corts,19,les Corts,14,34856
2023,4,Les Corts,19,les Corts,15,29745
2023,4,Les Corts,19,les Corts,16,33131
2023,4,Les Corts,19,les Corts,17,33993
2023,4,Les Corts,19,les Corts,18,36171
2023,4,Les Corts,19,les Corts,19,42337
2023,4,Les Corts,19,les Corts,20,37191
2023,4,Les Corts,19,les Corts,21,40787
2023,4,Les Corts,19,les Corts,22,32355
2023,4,Les Corts,19,les Corts,23,53233
2023,4,Les Corts,19,les Corts,24,53967
2023,4,Les Corts,19,les Corts,25,33110
2023,4,Les Corts,19,les Corts,26,32530
2023,4,Les Corts,19,les Corts,27,34530
2023,4,Les Corts,19,les Corts,28,30449
2023,4,Les Corts,19,les Corts,29,38364
2023,4,Les Corts,19,les Corts,30,34703
2023,4,Les Corts,19,les Corts,31,29301
2023,4,Les Corts,19,les Corts,32,26517
2023,4,Les Corts,19,les Corts,33,26073
2023,4,Les Corts,19,les Corts,34,34293
2023,4,Les Corts,19,les Corts,35,31245
2023,4,Les Corts,20,la Maternitat i Sant Ramon,36,25016
2023,4,Les Corts,20,la Maternitat i Sant Ramon,37,26643
2023,4,Les Corts,20,la Maternitat i Sant Ramon,38,27226
2023,4,Les Corts,20,la Maternitat i Sant Ramon,39,27176
2023,4,Les Corts,20,la Maternitat i Sant Ramon,40,22278
2023,4,Les Corts,20,la Maternitat i Sant Ramon,41,22603
2023,4,Les Corts,20,la Maternitat i Sant Ramon,42,21838
2023,4,Les Corts,20,la Maternitat i Sant Ramon,43,33201
2023,4,Les Corts,20,la Maternitat i Sant Ramon,44,25211
2023,4,Les Corts,20,la Maternitat i Sant Ramon,45,24821
2023,4,Les Corts,20,la Maternitat i Sant Ramon,46,35825
2023,4,Les Corts,20,la Maternitat i Sant Ramon,47,29710
2023,4,Les Corts,20,la Maternitat i Sant Ramon,48,31571
2023,4,Les Corts,20,la Maternitat i Sant Ramon,49,43224
2023,4,Les Corts,21,Pedralbes,50,54175
2023,4,Les Corts,21,Pedralbes,51,36516
2023,4,Les Corts,21,Pedralbes,52,54175
2023,4,Les Corts,21,Pedralbes,53,42160
2023,4,Les Corts,21,Pedralbes,54,50356
2023,4,Les Corts,21,Pedralbes,55,54175
2023,4,Les Corts,21,Pedralbes,56,54175
2023,4,Les Corts,20,la Maternitat i Sant Ramon,84,36112
2023,5,Sarrià-Sant Gervasi,22,"Vallvidrera, el Tibidabo i les Planes",1,23931
2023,5,Sarrià-Sant Gervasi,22,"Vallvidrera, el Tibidabo i les Planes",2,45277
2023,5,Sarrià-Sant Gervasi,22,"Vallvidrera, el Tibidabo i les Planes",3,41771
2023,5,Sarrià-Sant Gervasi,23,Sarrià,4,54175
2023,5,Sarrià-Sant Gervasi,23,Sarrià,5,48936
2023,5,Sarrià-Sant Gervasi,23,Sarrià,6,54175
2023,5,Sarrià-Sant Gervasi,23,Sarrià,7,52283
2023,5,Sarrià-Sant Gervasi,23,Sarrià,8,54123
2023,5,Sarrià-Sant Gervasi,23,Sarrià,9,40443
2023,5,Sarrià-Sant Gervasi,23,Sarrià,10,38539
2023,5,Sarrià-Sant Gervasi,23,Sarrià,11,39532
2023,5,Sarrià-Sant Gervasi,23,Sarrià,12,36447
2023,5,Sarrià-Sant Gervasi,23,Sarrià,13,37332
2023,5,Sarrià-Sant Gervasi,23,Sarrià,14,46709
2023,5,Sarrià-Sant Gervasi,23,Sarrià,15,39148
2023,5,Sarrià-Sant Gervasi,23,Sarrià,16,33209
2023,5,Sarrià-Sant Gervasi,23,Sarrià,17,54175
2023,5,Sarrià-Sant Gervasi,23,Sarrià,18,37056
2023,5,Sarrià-Sant Gervasi,23,Sarrià,19,51787
2023,5,Sarrià-Sant Gervasi,24,les Tres Torres,20,53003
2023,5,Sarrià-Sant Gervasi,24,les Tres Torres,21,54175
2023,5,Sarrià-Sant Gervasi,24,les Tres Torres,22,54175
2023,5,Sarrià-Sant Gervasi,24,les Tres Torres,23,34118
2023,5,Sarrià-Sant Gervasi,24,les Tres Torres,24,54175
2023,5,Sarrià-Sant Gervasi,24,les Tres Torres,25,54175
2023,5,Sarrià-Sant Gervasi,24,les Tres Torres,26,54175
2023,5,Sarrià-Sant Gervasi,24,les Tres Torres,27,54175
2023,5,Sarrià-Sant Gervasi,24,les Tres Torres,28,49131
2023,5,Sarrià-Sant Gervasi,24,les Tres Torres,29,54175
2023,5,Sarrià-Sant Gervasi,24,les Tres Torres,30,54175
2023,5,Sarrià-Sant Gervasi,25,Sant Gervasi- la Bonanova,31,54175
2023,5,Sarrià-Sant Gervasi,25,Sant Gervasi- la Bonanova,32,54175
2023,5,Sarrià-Sant Gervasi,25,Sant Gervasi- la Bonanova,33,52342
2023,5,Sarrià-Sant Gervasi,25,Sant Gervasi- la Bonanova,34,40337
2023,5,Sarrià-Sant Gervasi,25,Sant Gervasi- la Bonanova,35,54175
2023,5,Sarrià-Sant Gervasi,25,Sant Gervasi- la Bonanova,36,51007
2023,5,Sarrià-Sant Gervasi,25,Sant Gervasi- la Bonanova,37,34312
2023,5,Sarrià-Sant Gervasi,25,Sant Gervasi- la Bonanova,38,33027
2023,5,Sarrià-Sant Gervasi,25,Sant Gervasi- la Bonanova,39,49001
2023,5,Sarrià-Sant Gervasi,25,Sant Gervasi- la Bonanova,40,34249
2023,5,Sarrià-Sant Gervasi,25,Sant Gervasi- la Bonanova,41,39104
2023,5,Sarrià-Sant Gervasi,25,Sant Gervasi- la Bonanova,42,38758
2023,5,Sarrià-Sant Gervasi,25,Sant Gervasi- la Bonanova,43,35747
2023,5,Sarrià-Sant Gervasi,25,Sant Gervasi- la Bonanova,44,38526
2023,5,Sarrià-Sant Gervasi,25,Sant Gervasi- la Bonanova,45,47925
2023,5,Sarrià-Sant Gervasi,25,Sant Gervasi- la Bonanova,46,54175
2023,5,Sarrià-Sant Gervasi,25,Sant Gervasi- la Bonanova,47,51304
2023,5,Sarrià-Sant Gervasi,25,Sant Gervasi- la Bonanova,48,52071
2023,5,Sarrià-Sant Gervasi,26,Sant Gervasi- Galvany,49,54175
2023,5,Sarrià-Sant Gervasi,26,Sant Gervasi- Galvany,50,42873
2023,5,Sarrià-Sant Gervasi,26,Sant Gervasi- Galvany,51,54175
2023,5,Sarrià-Sant Gervasi,26,Sant Gervasi- Galvany,52,54175
2023,5,Sarrià-Sant Gervasi,26,Sant Gervasi- Galvany,53,54175
2023,5,Sarrià-Sant Gervasi,26,Sant Gervasi- Galvany,54,54175
2023,5,Sarrià-Sant Gervasi,26,Sant Gervasi- Galvany,55,54175
2023,5,Sarrià-Sant Gervasi,26,Sant Gervasi- Galvany,56,54175
2023,5,Sarrià-Sant Gervasi,26,Sant Gervasi- Galvany,57,54175
2023,5,Sarrià-Sant Gervasi,26,Sant Gervasi- Galvany,58,54175
2023,5,Sarrià-Sant Gervasi,26,Sant Gervasi- Galvany,59,53605
2023,5,Sarrià-Sant Gervasi,26,Sant Gervasi- Galvany,60,54175
2023,5,Sarrià-Sant Gervasi,26,Sant Gervasi- Galvany,61,38873
2023,5,Sarrià-Sant Gervasi,26,Sant Gervasi- Galvany,62,52723
2023,5,Sarrià-Sant Gervasi,26,Sant Gervasi- Galvany,63,48766
2023,5,Sarrià-Sant Gervasi,26,Sant Gervasi- Galvany,64,44166
2023,5,Sarrià-Sant Gervasi,26,Sant Gervasi- Galvany,65,39528
2023,5,Sarrià-Sant Gervasi,26,Sant Gervasi- Galvany,66,53810
2023,5,Sarrià-Sant Gervasi,26,Sant Gervasi- Galvany,67,44530
2023,5,Sarrià-Sant Gervasi,26,Sant Gervasi- Galvany,68,41656
2023,5,Sarrià-Sant Gervasi,26,Sant Gervasi- Galvany,69,38714
2023,5,Sarrià-Sant Gervasi,26,Sant Gervasi- Galvany,70,37483
2023,5,Sarrià-Sant Gervasi,26,Sant Gervasi- Galvany,71,35024
2023,5,Sarrià-Sant Gervasi,26,Sant Gervasi- Galvany,72,41894
2023,5,Sarrià-Sant Gervasi,26,Sant Gervasi- Galvany,73,38440
2023,5,Sarrià-Sant Gervasi,26,Sant Gervasi- Galvany,74,45763
2023,5,Sarrià-Sant Gervasi,26,Sant Gervasi- Galvany,75,39933
2023,5,Sarrià-Sant Gervasi,26,Sant Gervasi- Galvany,76,39804
2023,5,Sarrià-Sant Gervasi,26,Sant Gervasi- Galvany,77,44851
2023,5,Sarrià-Sant Gervasi,26,Sant Gervasi- Galvany,78,41487
2023,5,Sarrià-Sant Gervasi,26,Sant Gervasi- Galvany,79,39821
2023,5,Sarrià-Sant Gervasi,27,el Putxet i el Farró,80,35292
2023,5,Sarrià-Sant Gervasi,27,el Putxet i el Farró,81,34824
2023,5,Sarrià-Sant Gervasi,27,el Putxet i el Farró,82,32310
2023,5,Sarrià-Sant Gervasi,27,el Putxet i el Farró,83,33361
2023,5,Sarrià-Sant Gervasi,27,el Putxet i el Farró,84,33629
2023,5,Sarrià-Sant Gervasi,27,el Putxet i el Farró,85,30724
2023,5,Sarrià-Sant Gervasi,27,el Putxet i el Farró,86,35015
2023,5,Sarrià-Sant Gervasi,27,el Putxet i el Farró,87,34683
2023,5,Sarrià-Sant Gervasi,27,el Putxet i el Farró,88,35836
2023,5,Sarrià-Sant Gervasi,27,el Putxet i el Farró,89,34640
2023,5,Sarrià-Sant Gervasi,27,el Putxet i el Farró,90,32752
2023,5,Sarrià-Sant Gervasi,27,el Putxet i el Farró,91,34569
2023,5,Sarrià-Sant Gervasi,27,el Putxet i el Farró,92,48362
2023,5,Sarrià-Sant Gervasi,27,el Putxet i el Farró,93,39765
2023,5,Sarrià-Sant Gervasi,27,el Putxet i el Farró,94,44759
2023,5,Sarrià-Sant Gervasi,27,el Putxet i el Farró,95,30502
2023,5,Sarrià-Sant Gervasi,27,el Putxet i el Farró,96,30695
2023,5,Sarrià-Sant Gervasi,27,el Putxet i el Farró,97,34616
2023,5,Sarrià-Sant Gervasi,27,el Putxet i el Farró,98,32329
2023,6,Gràcia,28,Vallcarca i els Penitents,1,26339
2023,6,Gràcia,28,Vallcarca i els Penitents,2,26667
2023,6,Gràcia,28,Vallcarca i els Penitents,3,24414
2023,6,Gràcia,28,Vallcarca i els Penitents,4,27486
2023,6,Gràcia,28,Vallcarca i els Penitents,6,38747
2023,6,Gràcia,28,Vallcarca i els Penitents,7,30330
2023,6,Gràcia,28,Vallcarca i els Penitents,8,26237
2023,6,Gràcia,28,Vallcarca i els Penitents,9,42228
2023,6,Gràcia,28,Vallcarca i els Penitents,10,32548
2023,6,Gràcia,28,Vallcarca i els Penitents,11,30609
2023,6,Gràcia,28,Vallcarca i els Penitents,12,33320
2023,6,Gràcia,29,el Coll,13,25365
2023,6,Gràcia,29,el Coll,14,22711
2023,6,Gràcia,29,el Coll,15,21664
2023,6,Gràcia,29,el Coll,16,20580
2023,6,Gràcia,29,el Coll,17,22394
2023,6,Gràcia,30,la Salut,18,25194
2023,6,Gràcia,30,la Salut,19,26193
2023,6,Gràcia,30,la Salut,20,27825
2023,6,Gràcia,30,la Salut,21,31168
2023,6,Gràcia,30,la Salut,22,28304
2023,6,Gràcia,30,la Salut,23,33419
2023,6,Gràcia,30,la Salut,24,27379
2023,6,Gràcia,30,la Salut,25,28529
2023,6,Gràcia,30,la Salut,26,28020
2023,6,Gràcia,30,la Salut,27,30439
2023,6,Gràcia,31,la Vila de Gràcia,28,25612
2023,6,Gràcia,31,la Vila de Gràcia,29,29611
2023,6,Gràcia,31,la Vila de Gràcia,30,25137
2023,6,Gràcia,31,la Vila de Gràcia,31,26875
2023,6,Gràcia,31,la Vila de Gràcia,32,25040
2023,6,Gràcia,31,la Vila de Gràcia,33,27252
2023,6,Gràcia,31,la Vila de Gràcia,34,24661
2023,6,Gràcia,31,la Vila de Gràcia,35,31951
2023,6,Gràcia,31,la Vila de Gràcia,36,30560
2023,6,Gràcia,31,la Vila de Gràcia,37,28528
2023,6,Gràcia,31,la Vila de Gràcia,38,26061
2023,6,Gràcia,31,la Vila de Gràcia,39,25733
2023,6,Gràcia,31,la Vila de Gràcia,40,28258
2023,6,Gràcia,31,la Vila de Gràcia,41,31992
2023,6,Gràcia,31,la Vila de Gràcia,42,33906
2023,6,Gràcia,31,la Vila de Gràcia,43,31735
2023,6,Gràcia,31,la Vila de Gràcia,44,40715
2023,6,Gràcia,31,la Vila de Gràcia,45,29901
2023,6,Gràcia,31,la Vila de Gràcia,46,26787
2023,6,Gràcia,31,la Vila de Gràcia,47,26113
2023,6,Gràcia,31,la Vila de Gràcia,48,25851
2023,6,Gràcia,31,la Vila de Gràcia,49,27655
2023,6,Gràcia,31,la Vila de Gràcia,50,23151
2023,6,Gràcia,31,la Vila de Gràcia,51,26364
2023,6,Gràcia,31,la Vila de Gràcia,52,27192
2023,6,Gràcia,31,la Vila de Gràcia,53,26849
2023,6,Gràcia,31,la Vila de Gràcia,54,25304
2023,6,Gràcia,31,la Vila de Gràcia,55,26702
2023,6,Gràcia,31,la Vila de Gràcia,56,27239
2023,6,Gràcia,31,la Vila de Gràcia,57,24250
2023,6,Gràcia,31,la Vila de Gràcia,58,28629
2023,6,Gràcia,31,la Vila de Gràcia,59,26186
2023,6,Gràcia,31,la Vila de Gràcia,60,24313
2023,6,Gràcia,31,la Vila de Gràcia,61,25376
2023,6,Gràcia,31,la Vila de Gràcia,62,24606
2023,6,Gràcia,31,la Vila de Gràcia,63,26035
2023,6,Gràcia,32,el Camp d'en Grassot i Gràcia Nova,64,27409
2023,6,Gràcia,32,el Camp d'en Grassot i Gràcia Nova,65,30248
2023,6,Gràcia,32,el Camp d'en Grassot i Gràcia Nova,66,26782
2023,6,Gràcia,32,el Camp d'en Grassot i Gràcia Nova,67,27368
2023,6,Gràcia,32,el Camp d'en Grassot i Gràcia Nova,68,31933
2023,6,Gràcia,32,el Camp d'en Grassot i Gràcia Nova,69,28145
2023,6,Gràcia,32,el Camp d'en Grassot i Gràcia Nova,70,25667
2023,6,Gràcia,32,el Camp d'en Grassot i Gràcia Nova,71,28369
2023,6,Gràcia,32,el Camp d'en Grassot i Gràcia Nova,72,32166
2023,6,Gràcia,32,el Camp d'en Grassot i Gràcia Nova,73,27402
2023,6,Gràcia,32,el Camp d'en Grassot i Gràcia Nova,74,25229
2023,6,Gràcia,32,el Camp d'en Grassot i Gràcia Nova,75,30185
2023,6,Gràcia,32,el Camp d'en Grassot i Gràcia Nova,76,27604
2023,6,Gràcia,32,el Camp d'en Grassot i Gràcia Nova,77,25314
2023,6,Gràcia,32,el Camp d'en Grassot i Gràcia Nova,78,25671
2023,6,Gràcia,32,el Camp d'en Grassot i Gràcia Nova,79,26803
2023,6,Gràcia,32,el Camp d'en Grassot i Gràcia Nova,80,26235
2023,6,Gràcia,32,el Camp d'en Grassot i Gràcia Nova,81,26487
2023,6,Gràcia,32,el Camp d'en Grassot i Gràcia Nova,82,27153
2023,6,Gràcia,32,el Camp d'en Grassot i Gràcia Nova,83,29012
2023,6,Gràcia,32,el Camp d'en Grassot i Gràcia Nova,84,27191
2023,6,Gràcia,32,el Camp d'en Grassot i Gràcia Nova,85,28581
2023,6,Gràcia,32,el Camp d'en Grassot i Gràcia Nova,86,31885
2023,6,Gràcia,32,el Camp d'en Grassot i Gràcia Nova,87,30210
2023,6,Gràcia,32,el Camp d'en Grassot i Gràcia Nova,88,26982
2023,7,Horta-Guinardó,33,el Baix Guinardó,1,29044
2023,7,Horta-Guinardó,33,el Baix Guinardó,2,24151
2023,7,Horta-Guinardó,33,el Baix Guinardó,3,25227
2023,7,Horta-Guinardó,33,el Baix Guinardó,4,22323
2023,7,Horta-Guinardó,33,el Baix Guinardó,5,23545
2023,7,Horta-Guinardó,33,el Baix Guinardó,6,25467
2023,7,Horta-Guinardó,33,el Baix Guinardó,7,22724
2023,7,Horta-Guinardó,33,el Baix Guinardó,8,24820
2023,7,Horta-Guinardó,33,el Baix Guinardó,9,21870
2023,7,Horta-Guinardó,33,el Baix Guinardó,10,26113
2023,7,Horta-Guinardó,33,el Baix Guinardó,11,24214
2023,7,Horta-Guinardó,33,el Baix Guinardó,12,21853
2023,7,Horta-Guinardó,33,el Baix Guinardó,13,25257
2023,7,Horta-Guinardó,33,el Baix Guinardó,14,21651
2023,7,Horta-Guinardó,33,el Baix Guinardó,15,23358
2023,7,Horta-Guinardó,33,el Baix Guinardó,16,26817
2023,7,Horta-Guinardó,33,el Baix Guinardó,17,23004
2023,7,Horta-Guinardó,33,el Baix Guinardó,18,22557
2023,7,Horta-Guinardó,33,el Baix Guinardó,19,24547
2023,7,Horta-Guinardó,34,Can Baró,20,23341
2023,7,Horta-Guinardó,34,Can Baró,21,27574
2023,7,Horta-Guinardó,34,Can Baró,22,22814
2023,7,Horta-Guinardó,34,Can Baró,23,19264
2023,7,Horta-Guinardó,34,Can Baró,24,21419
2023,7,Horta-Guinardó,34,Can Baró,25,20698
2023,7,Horta-Guinardó,34,Can Baró,26,21325
2023,7,Horta-Guinardó,35,el Guinardó,27,20898
2023,7,Horta-Guinardó,35,el Guinardó,28,22048
2023,7,Horta-Guinardó,35,el Guinardó,29,25391
2023,7,Horta-Guinardó,35,el Guinardó,30,19484
2023,7,Horta-Guinardó,35,el Guinardó,31,19246
2023,7,Horta-Guinardó,35,el Guinardó,32,22824
2023,7,Horta-Guinardó,35,el Guinardó,33,23985
2023,7,Horta-Guinardó,35,el Guinardó,34,26350
2023,7,Horta-Guinardó,35,el Guinardó,35,26265
2023,7,Horta-Guinardó,35,el Guinardó,36,26596
2023,7,Horta-Guinardó,35,el Guinardó,37,23064
2023,7,Horta-Guinardó,35,el Guinardó,38,23293
2023,7,Horta-Guinardó,35,el Guinardó,39,24667
2023,7,Horta-Guinardó,35,el Guinardó,40,23465
2023,7,Horta-Guinardó,35,el Guinardó,41,21193
2023,7,Horta-Guinardó,35,el Guinardó,42,23015
2023,7,Horta-Guinardó,35,el Guinardó,43,23208
2023,7,Horta-Guinardó,35,el Guinardó,44,24412
2023,7,Horta-Guinardó,35,el Guinardó,45,21560
2023,7,Horta-Guinardó,35,el Guinardó,46,21671
2023,7,Horta-Guinardó,35,el Guinardó,47,22313
2023,7,Horta-Guinardó,35,el Guinardó,48,22887
2023,7,Horta-Guinardó,35,el Guinardó,49,22270
2023,7,Horta-Guinardó,35,el Guinardó,50,21683
2023,7,Horta-Guinardó,35,el Guinardó,51,22310
2023,7,Horta-Guinardó,36,la Font d'en Fargues,52,28092
2023,7,Horta-Guinardó,36,la Font d'en Fargues,53,24433
2023,7,Horta-Guinardó,36,la Font d'en Fargues,54,32714
2023,7,Horta-Guinardó,36,la Font d'en Fargues,55,39439
2023,7,Horta-Guinardó,36,la Font d'en Fargues,56,25694
2023,7,Horta-Guinardó,36,la Font d'en Fargues,57,26447
2023,7,Horta-Guinardó,36,la Font d'en Fargues,58,24787
2023,7,Horta-Guinardó,37,el Carmel,59,17412
2023,7,Horta-Guinardó,37,el Carmel,60,17668
2023,7,Horta-Guinardó,37,el Carmel,61,18129
2023,7,Horta-Guinardó,37,el Carmel,62,18278
2023,7,Horta-Guinardó,37,el Carmel,63,15020
2023,7,Horta-Guinardó,37,el Carmel,64,16032
2023,7,Horta-Guinardó,37,el Carmel,65,14262
2023,7,Horta-Guinardó,37,el Carmel,66,15275
2023,7,Horta-Guinardó,37,el Carmel,67,15587
2023,7,Horta-Guinardó,37,el Carmel,68,13701
2023,7,Horta-Guinardó,37,el Carmel,69,14851
2023,7,Horta-Guinardó,37,el Carmel,70,16047
2023,7,Horta-Guinardó,37,el Carmel,71,18218
2023,7,Horta-Guinardó,37,el Carmel,72,18352
2023,7,Horta-Guinardó,37,el Carmel,73,15677
2023,7,Horta-Guinardó,37,el Carmel,74,15772
2023,7,Horta-Guinardó,37,el Carmel,75,16128
2023,7,Horta-Guinardó,37,el Carmel,76,15584
2023,7,Horta-Guinardó,37,el Carmel,77,15932
2023,7,Horta-Guinardó,37,el Carmel,78,16056
2023,7,Horta-Guinardó,37,el Carmel,79,15433
2023,7,Horta-Guinardó,37,el Carmel,80,16561
2023,7,Horta-Guinardó,38,la Teixonera,81,19238
2023,7,Horta-Guinardó,38,la Teixonera,82,17496
2023,7,Horta-Guinardó,38,la Teixonera,83,17176
2023,7,Horta-Guinardó,38,la Teixonera,84,17609
2023,7,Horta-Guinardó,38,la Teixonera,85,19335
2023,7,Horta-Guinardó,38,la Teixonera,86,17710
2023,7,Horta-Guinardó,38,la Teixonera,87,19620
2023,7,Horta-Guinardó,38,la Teixonera,88,18566
2023,7,Horta-Guinardó,39,Sant Genís dels Agudells,89,22660
2023,7,Horta-Guinardó,39,Sant Genís dels Agudells,90,19489
2023,7,Horta-Guinardó,39,Sant Genís dels Agudells,91,19706
2023,7,Horta-Guinardó,39,Sant Genís dels Agudells,92,14416
2023,7,Horta-Guinardó,39,Sant Genís dels Agudells,93,17984
2023,7,Horta-Guinardó,40,Montbau,94,21372
2023,7,Horta-Guinardó,40,Montbau,95,20954
2023,7,Horta-Guinardó,40,Montbau,96,18943
2023,7,Horta-Guinardó,40,Montbau,97,24054
2023,7,Horta-Guinardó,41,la Vall d'Hebron,98,30470
2023,7,Horta-Guinardó,41,la Vall d'Hebron,99,25019
2023,7,Horta-Guinardó,41,la Vall d'Hebron,100,21732
2023,7,Horta-Guinardó,41,la Vall d'Hebron,101,22228
2023,7,Horta-Guinardó,42,la Clota,102,22597
2023,7,Horta-Guinardó,43,Horta,103,20065
2023,7,Horta-Guinardó,43,Horta,104,18466
2023,7,Horta-Guinardó,43,Horta,105,24517
2023,7,Horta-Guinardó,43,Horta,106,23356
2023,7,Horta-Guinardó,43,Horta,107,27281
2023,7,Horta-Guinardó,43,Horta,108,23288
2023,7,Horta-Guinardó,43,Horta,109,18295
2023,7,Horta-Guinardó,43,Horta,110,24537
2023,7,Horta-Guinardó,43,Horta,111,26567
2023,7,Horta-Guinardó,43,Horta,112,23006
2023,7,Horta-Guinardó,43,Horta,113,20319
2023,7,Horta-Guinardó,43,Horta,114,23581
2023,7,Horta-Guinardó,43,Horta,115,28603
2023,7,Horta-Guinardó,43,Horta,116,22078
2023,7,Horta-Guinardó,43,Horta,117,22871
2023,7,Horta-Guinardó,43,Horta,118,21884
2023,7,Horta-Guinardó,43,Horta,119,19470
2023,7,Horta-Guinardó,43,Horta,120,20366
2023,7,Horta-Guinardó,43,Horta,121,18193
2023,7,Horta-Guinardó,43,Horta,122,21815
2023,7,Horta-Guinardó,43,Horta,123,23816
2023,8,Nou Barris,44,Vilapicina i la Torre Llobeta,1,20290
2023,8,Nou Barris,44,Vilapicina i la Torre Llobeta,2,22826
2023,8,Nou Barris,44,Vilapicina i la Torre Llobeta,3,19830
2023,8,Nou Barris,44,Vilapicina i la Torre Llobeta,4,19500
2023,8,Nou Barris,44,Vilapicina i la Torre Llobeta,5,20670
2023,8,Nou Barris,44,Vilapicina i la Torre Llobeta,6,21291
2023,8,Nou Barris,44,Vilapicina i la Torre Llobeta,7,21367
2023,8,Nou Barris,44,Vilapicina i la Torre Llobeta,8,21655
2023,8,Nou Barris,44,Vilapicina i la Torre Llobeta,9,19298
2023,8,Nou Barris,44,Vilapicina i la Torre Llobeta,10,24064
2023,8,Nou Barris,44,Vilapicina i la Torre Llobeta,11,23232
2023,8,Nou Barris,44,Vilapicina i la Torre Llobeta,12,21807
2023,8,Nou Barris,44,Vilapicina i la Torre Llobeta,13,20467
2023,8,Nou Barris,44,Vilapicina i la Torre Llobeta,14,19027
2023,8,Nou Barris,44,Vilapicina i la Torre Llobeta,15,17435
2023,8,Nou Barris,44,Vilapicina i la Torre Llobeta,16,19984
2023,8,Nou Barris,44,Vilapicina i la Torre Llobeta,17,22253
2023,8,Nou Barris,44,Vilapicina i la Torre Llobeta,18,20515
2023,8,Nou Barris,44,Vilapicina i la Torre Llobeta,19,18638
2023,8,Nou Barris,45,Porta,20,19514
2023,8,Nou Barris,45,Porta,21,20905
2023,8,Nou Barris,45,Porta,22,20054
2023,8,Nou Barris,45,Porta,23,18189
2023,8,Nou Barris,45,Porta,24,19070
2023,8,Nou Barris,45,Porta,25,16992
2023,8,Nou Barris,45,Porta,26,20736
2023,8,Nou Barris,45,Porta,27,21974
2023,8,Nou Barris,45,Porta,28,18515
2023,8,Nou Barris,45,Porta,29,15857
2023,8,Nou Barris,45,Porta,30,18177
2023,8,Nou Barris,45,Porta,31,18994
2023,8,Nou Barris,45,Porta,32,19394
2023,8,Nou Barris,45,Porta,33,16400
2023,8,Nou Barris,45,Porta,34,14802
2023,8,Nou Barris,45,Porta,35,17824
2023,8,Nou Barris,45,Porta,36,14783
2023,8,Nou Barris,45,Porta,37,17618
2023,8,Nou Barris,46,el Turó de la Peira,38,16276
2023,8,Nou Barris,46,el Turó de la Peira,39,16775
2023,8,Nou Barris,46,el Turó de la Peira,40,14700
2023,8,Nou Barris,46,el Turó de la Peira,41,12069
2023,8,Nou Barris,46,el Turó de la Peira,42,19408
2023,8,Nou Barris,46,el Turó de la Peira,43,17683
2023,8,Nou Barris,46,el Turó de la Peira,44,14533
2023,8,Nou Barris,46,el Turó de la Peira,45,14086
2023,8,Nou Barris,46,el Turó de la Peira,46,15836
2023,8,Nou Barris,46,el Turó de la Peira,47,13456
2023,8,Nou Barris,47,Can Peguera,48,11737
2023,8,Nou Barris,47,Can Peguera,49,16028
2023,8,Nou Barris,48,la Guineueta,50,22910
2023,8,Nou Barris,48,la Guineueta,51,21646
2023,8,Nou Barris,48,la Guineueta,52,19696
2023,8,Nou Barris,48,la Guineueta,53,22068
2023,8,Nou Barris,48,la Guineueta,54,20212
2023,8,Nou Barris,48,la Guineueta,55,25876
2023,8,Nou Barris,48,la Guineueta,56,18177
2023,8,Nou Barris,48,la Guineueta,57,19286
2023,8,Nou Barris,48,la Guineueta,58,16771
2023,8,Nou Barris,48,la Guineueta,59,17908
2023,8,Nou Barris,49,Canyelles,60,20163
2023,8,Nou Barris,49,Canyelles,61,17705
2023,8,Nou Barris,49,Canyelles,62,19664
2023,8,Nou Barris,49,Canyelles,63,23142
2023,8,Nou Barris,49,Canyelles,64,17134
2023,8,Nou Barris,50,les Roquetes,65,13353
2023,8,Nou Barris,50,les Roquetes,66,11861
2023,8,Nou Barris,50,les Roquetes,67,15462
2023,8,Nou Barris,50,les Roquetes,68,12977
2023,8,Nou Barris,50,les Roquetes,69,13684
2023,8,Nou Barris,50,les Roquetes,70,13001
2023,8,Nou Barris,50,les Roquetes,71,14041
2023,8,Nou Barris,50,les Roquetes,72,16133
2023,8,Nou Barris,50,les Roquetes,73,12033
2023,8,Nou Barris,50,les Roquetes,74,12901
2023,8,Nou Barris,51,Verdun,75,15603
2023,8,Nou Barris,51,Verdun,76,16326
2023,8,Nou Barris,51,Verdun,77,13721
2023,8,Nou Barris,51,Verdun,78,14062
2023,8,Nou Barris,51,Verdun,79,14104
2023,8,Nou Barris,51,Verdun,80,15051
2023,8,Nou Barris,51,Verdun,81,13488
2023,8,Nou Barris,51,Verdun,82,15689
2023,8,Nou Barris,52,la Prosperitat,83,15842
2023,8,Nou Barris,52,la Prosperitat,84,17521
2023,8,Nou Barris,52,la Prosperitat,85,15591
2023,8,Nou Barris,52,la Prosperitat,86,16954
2023,8,Nou Barris,52,la Prosperitat,87,16410
2023,8,Nou Barris,52,la Prosperitat,88,16314
2023,8,Nou Barris,52,la Prosperitat,89,16955
2023,8,Nou Barris,52,la Prosperitat,90,17279
2023,8,Nou Barris,52,la Prosperitat,91,16607
2023,8,Nou Barris,52,la Prosperitat,92,17642
2023,8,Nou Barris,52,la Prosperitat,93,16649
2023,8,Nou Barris,52,la Prosperitat,94,17316
2023,8,Nou Barris,52,la Prosperitat,95,21114
2023,8,Nou Barris,52,la Prosperitat,96,17351
2023,8,Nou Barris,52,la Prosperitat,97,16002
2023,8,Nou Barris,52,la Prosperitat,98,15789
2023,8,Nou Barris,52,la Prosperitat,99,15300
2023,8,Nou Barris,52,la Prosperitat,100,16067
2023,8,Nou Barris,52,la Prosperitat,101,17299
2023,8,Nou Barris,52,la Prosperitat,102,14034
2023,8,Nou Barris,53,la Trinitat Nova,103,11885
2023,8,Nou Barris,53,la Trinitat Nova,104,13373
2023,8,Nou Barris,53,la Trinitat Nova,105,13556
2023,8,Nou Barris,53,la Trinitat Nova,106,12628
2023,8,Nou Barris,53,la Trinitat Nova,107,14145
2023,8,Nou Barris,54,Torre Baró,108,12389
2023,8,Nou Barris,54,Torre Baró,109,13021
2023,8,Nou Barris,55,Ciutat Meridiana,110,10209
2023,8,Nou Barris,55,Ciutat Meridiana,111,10521
2023,8,Nou Barris,55,Ciutat Meridiana,112,11601
2023,8,Nou Barris,55,Ciutat Meridiana,113,11039
2023,8,Nou Barris,55,Ciutat Meridiana,114,12116
2023,8,Nou Barris,55,Ciutat Meridiana,115,11913
2023,8,Nou Barris,56,Vallbona,116,13200
2023,8,Nou Barris,48,la Guineueta,215,20792
2023,9,Sant Andreu,57,la Trinitat Vella,1,10626
2023,9,Sant Andreu,57,la Trinitat Vella,2,12049
2023,9,Sant Andreu,57,la Trinitat Vella,3,12437
2023,9,Sant Andreu,57,la Trinitat Vella,4,14815
2023,9,Sant Andreu,57,la Trinitat Vella,5,17831
2023,9,Sant Andreu,58,Baró de Viver,6,13156
2023,9,Sant Andreu,58,Baró de Viver,7,12960
2023,9,Sant Andreu,59,el Bon Pastor,8,27226
2023,9,Sant Andreu,59,el Bon Pastor,9,19204
2023,9,Sant Andreu,59,el Bon Pastor,10,16769
2023,9,Sant Andreu,59,el Bon Pastor,11,13940
2023,9,Sant Andreu,59,el Bon Pastor,13,12080
2023,9,Sant Andreu,59,el Bon Pastor,14,14642
2023,9,Sant Andreu,59,el Bon Pastor,15,14030
2023,9,Sant Andreu,60,Sant Andreu,16,21462
2023,9,Sant Andreu,60,Sant Andreu,17,22948
2023,9,Sant Andreu,60,Sant Andreu,18,21097
2023,9,Sant Andreu,60,Sant Andreu,19,24617
2023,9,Sant Andreu,60,Sant Andreu,20,23384
2023,9,Sant Andreu,60,Sant Andreu,21,24313
2023,9,Sant Andreu,60,Sant Andreu,22,26037
2023,9,Sant Andreu,60,Sant Andreu,23,25480
2023,9,Sant Andreu,60,Sant Andreu,24,23468
2023,9,Sant Andreu,60,Sant Andreu,25,26334
2023,9,Sant Andreu,60,Sant Andreu,26,24917
2023,9,Sant Andreu,60,Sant Andreu,27,23677
2023,9,Sant Andreu,60,Sant Andreu,28,29036
2023,9,Sant Andreu,60,Sant Andreu,29,21861
2023,9,Sant Andreu,60,Sant Andreu,30,23877
2023,9,Sant Andreu,60,Sant Andreu,31,25162
2023,9,Sant Andreu,60,Sant Andreu,32,18263
2023,9,Sant Andreu,60,Sant Andreu,33,20978
2023,9,Sant Andreu,60,Sant Andreu,34,18403
2023,9,Sant Andreu,60,Sant Andreu,35,21756
2023,9,Sant Andreu,60,Sant Andreu,36,23435
2023,9,Sant Andreu,60,Sant Andreu,37,18780
2023,9,Sant Andreu,60,Sant Andreu,38,23891
2023,9,Sant Andreu,60,Sant Andreu,39,22744
2023,9,Sant Andreu,60,Sant Andreu,40,26130
2023,9,Sant Andreu,60,Sant Andreu,41,22309
2023,9,Sant Andreu,60,Sant Andreu,42,24738
2023,9,Sant Andreu,60,Sant Andreu,43,20648
2023,9,Sant Andreu,60,Sant Andreu,44,24096
2023,9,Sant Andreu,60,Sant Andreu,45,22863
2023,9,Sant Andreu,60,Sant Andreu,46,25103
2023,9,Sant Andreu,60,Sant Andreu,47,25152
2023,9,Sant Andreu,60,Sant Andreu,48,22161
2023,9,Sant Andreu,60,Sant Andreu,49,21105
2023,9,Sant Andreu,60,Sant Andreu,50,24710
2023,9,Sant Andreu,60,Sant Andreu,51,23927
2023,9,Sant Andreu,60,Sant Andreu,52,23058
2023,9,Sant Andreu,60,Sant Andreu,53,24839
2023,9,Sant Andreu,60,Sant Andreu,54,23916
2023,9,Sant Andreu,61,la Sagrera,55,17445
2023,9,Sant Andreu,61,la Sagrera,56,21742
2023,9,Sant Andreu,61,la Sagrera,57,20698
2023,9,Sant Andreu,61,la Sagrera,58,23185
2023,9,Sant Andreu,61,la Sagrera,59,23211
2023,9,Sant Andreu,61,la Sagrera,60,20955
2023,9,Sant Andreu,61,la Sagrera,61,25024
2023,9,Sant Andreu,61,la Sagrera,62,23556
2023,9,Sant Andreu,61,la Sagrera,63,25633
2023,9,Sant Andreu,61,la Sagrera,64,22345
2023,9,Sant Andreu,61,la Sagrera,65,20560
2023,9,Sant Andreu,61,la Sagrera,66,25285
2023,9,Sant Andreu,61,la Sagrera,67,19728
2023,9,Sant Andreu,61,la Sagrera,68,22861
2023,9,Sant Andreu,61,la Sagrera,69,20910
2023,9,Sant Andreu,61,la Sagrera,70,16553
2023,9,Sant Andreu,61,la Sagrera,71,19721
2023,9,Sant Andreu,61,la Sagrera,72,17032
2023,9,Sant Andreu,61,la Sagrera,73,22168
2023,9,Sant Andreu,62,el Congrés i els Indians,74,20621
2023,9,Sant Andreu,62,el Congrés i els Indians,75,20292
2023,9,Sant Andreu,62,el Congrés i els Indians,76,20723
2023,9,Sant Andreu,62,el Congrés i els Indians,77,21265
2023,9,Sant Andreu,62,el Congrés i els Indians,78,22699
2023,9,Sant Andreu,62,el Congrés i els Indians,79,23267
2023,9,Sant Andreu,62,el Congrés i els Indians,80,22574
2023,9,Sant Andreu,62,el Congrés i els Indians,81,21364
2023,9,Sant Andreu,62,el Congrés i els Indians,82,21654
2023,9,Sant Andreu,63,Navas,83,22666
2023,9,Sant Andreu,63,Navas,84,25184
2023,9,Sant Andreu,63,Navas,85,22658
2023,9,Sant Andreu,63,Navas,86,21979
2023,9,Sant Andreu,63,Navas,87,23437
2023,9,Sant Andreu,63,Navas,88,20277
2023,9,Sant Andreu,63,Navas,89,20747
2023,9,Sant Andreu,63,Navas,90,20622
2023,9,Sant Andreu,63,Navas,91,21725
2023,9,Sant Andreu,63,Navas,92,22087
2023,9,Sant Andreu,63,Navas,93,22021
2023,9,Sant Andreu,63,Navas,94,22439
2023,9,Sant Andreu,63,Navas,95,23456
2023,9,Sant Andreu,61,la Sagrera,156,19770
2023,10,Sant Martí,64,el Camp de l'Arpa del Clot,1,19917
2023,10,Sant Martí,64,el Camp de l'Arpa del Clot,2,22226
2023,10,Sant Martí,64,el Camp de l'Arpa del Clot,3,24238
2023,10,Sant Martí,64,el Camp de l'Arpa del Clot,4,22092
2023,10,Sant Martí,64,el Camp de l'Arpa del Clot,5,23235
2023,10,Sant Martí,64,el Camp de l'Arpa del Clot,6,24471
2023,10,Sant Martí,64,el Camp de l'Arpa del Clot,7,30419
2023,10,Sant Martí,64,el Camp de l'Arpa del Clot,8,24003
2023,10,Sant Martí,64,el Camp de l'Arpa del Clot,9,23134
2023,10,Sant Martí,64,el Camp de l'Arpa del Clot,10,22820
2023,10,Sant Martí,64,el Camp de l'Arpa del Clot,11,25138
2023,10,Sant Martí,64,el Camp de l'Arpa del Clot,12,24720
2023,10,Sant Martí,64,el Camp de l'Arpa del Clot,13,23387
2023,10,Sant Martí,64,el Camp de l'Arpa del Clot,14,23932
2023,10,Sant Martí,64,el Camp de l'Arpa del Clot,15,23828
2023,10,Sant Martí,64,el Camp de l'Arpa del Clot,16,24924
2023,10,Sant Martí,64,el Camp de l'Arpa del Clot,17,24463
2023,10,Sant Martí,64,el Camp de l'Arpa del Clot,18,22756
2023,10,Sant Martí,64,el Camp de l'Arpa del Clot,19,23993
2023,10,Sant Martí,64,el Camp de l'Arpa del Clot,20,20229
2023,10,Sant Martí,64,el Camp de l'Arpa del Clot,21,21364
2023,10,Sant Martí,64,el Camp de l'Arpa del Clot,22,23704
2023,10,Sant Martí,64,el Camp de l'Arpa del Clot,23,22280
2023,10,Sant Martí,64,el Camp de l'Arpa del Clot,24,23991
2023,10,Sant Martí,64,el Camp de l'Arpa del Clot,25,22536
2023,10,Sant Martí,65,el Clot,26,25442
2023,10,Sant Martí,65,el Clot,27,23498
2023,10,Sant Martí,65,el Clot,28,22351
2023,10,Sant Martí,65,el Clot,29,21099
2023,10,Sant Martí,65,el Clot,30,21873
2023,10,Sant Martí,65,el Clot,31,22456
2023,10,Sant Martí,65,el Clot,32,25454
2023,10,Sant Martí,65,el Clot,33,27025
2023,10,Sant Martí,65,el Clot,34,22088
2023,10,Sant Martí,65,el Clot,35,24843
2023,10,Sant Martí,65,el Clot,36,26657
2023,10,Sant Martí,65,el Clot,37,18034
2023,10,Sant Martí,65,el Clot,38,23682
2023,10,Sant Martí,65,el Clot,39,21834
2023,10,Sant Martí,65,el Clot,40,23541
2023,10,Sant Martí,65,el Clot,41,24061
2023,10,Sant Martí,66,el Parc i la Llacuna del Poblenou,42,22709
2023,10,Sant Martí,66,el Parc i la Llacuna del Poblenou,43,25349
2023,10,Sant Martí,66,el Parc i la Llacuna del Poblenou,44,24860
2023,10,Sant Martí,66,el Parc i la Llacuna del Poblenou,45,27114
2023,10,Sant Martí,66,el Parc i la Llacuna del Poblenou,46,26401
2023,10,Sant Martí,66,el Parc i la Llacuna del Poblenou,47,26443
2023,10,Sant Martí,66,el Parc i la Llacuna del Poblenou,48,27958
2023,10,Sant Martí,66,el Parc i la Llacuna del Poblenou,49,25184
2023,10,Sant Martí,66,el Parc i la Llacuna del Poblenou,50,27181
2023,10,Sant Martí,67,la Vila Olímpica del Poblenou,51,28617
2023,10,Sant Martí,67,la Vila Olímpica del Poblenou,52,37911
2023,10,Sant Martí,67,la Vila Olímpica del Poblenou,53,44559
2023,10,Sant Martí,67,la Vila Olímpica del Poblenou,54,39309
2023,10,Sant Martí,67,la Vila Olímpica del Poblenou,55,41908
2023,10,Sant Martí,68,el Poblenou,56,23379
2023,10,Sant Martí,68,el Poblenou,57,23334
2023,10,Sant Martí,68,el Poblenou,58,22370
2023,10,Sant Martí,68,el Poblenou,59,27211
2023,10,Sant Martí,68,el Poblenou,60,24512
2023,10,Sant Martí,68,el Poblenou,61,27475
2023,10,Sant Martí,68,el Poblenou,62,26641
2023,10,Sant Martí,68,el Poblenou,63,29040
2023,10,Sant Martí,68,el Poblenou,64,27451
2023,10,Sant Martí,68,el Poblenou,65,26191
2023,10,Sant Martí,68,el Poblenou,66,26454
2023,10,Sant Martí,68,el Poblenou,67,36991
2023,10,Sant Martí,68,el Poblenou,68,29651
2023,10,Sant Martí,68,el Poblenou,69,30803
2023,10,Sant Martí,68,el Poblenou,70,24969
2023,10,Sant Martí,68,el Poblenou,71,27526
2023,10,Sant Martí,68,el Poblenou,72,25488
2023,10,Sant Martí,68,el Poblenou,73,21589
2023,10,Sant Martí,68,el Poblenou,74,22151
2023,10,Sant Martí,68,el Poblenou,75,23447
2023,10,Sant Martí,69,Diagonal Mar i el Front Marítim del Poblenou,76,28467
2023,10,Sant Martí,69,Diagonal Mar i el Front Marítim del Poblenou,77,32431
2023,10,Sant Martí,69,Diagonal Mar i el Front Marítim del Poblenou,78,34224
2023,10,Sant Martí,69,Diagonal Mar i el Front Marítim del Poblenou,79,28178
2023,10,Sant Martí,69,Diagonal Mar i el Front Marítim del Poblenou,80,41204
2023,10,Sant Martí,70,el Besòs i el Maresme,81,17162
2023,10,Sant Martí,70,el Besòs i el Maresme,82,10009
2023,10,Sant Martí,70,el Besòs i el Maresme,83,9157
2023,10,Sant Martí,70,el Besòs i el Maresme,84,12439
2023,10,Sant Martí,70,el Besòs i el Maresme,85,11522
2023,10,Sant Martí,70,el Besòs i el Maresme,86,13108
2023,10,Sant Martí,70,el Besòs i el Maresme,87,13034
2023,10,Sant Martí,70,el Besòs i el Maresme,88,19291
2023,10,Sant Martí,70,el Besòs i el Maresme,89,13524
2023,10,Sant Martí,70,el Besòs i el Maresme,90,15135
2023,10,Sant Martí,70,el Besòs i el Maresme,91,17217
2023,10,Sant Martí,70,el Besòs i el Maresme,92,21746
2023,10,Sant Martí,70,el Besòs i el Maresme,93,22624
2023,10,Sant Martí,71,Provençals del Poblenou,94,25970
2023,10,Sant Martí,71,Provençals del Poblenou,95,20472
2023,10,Sant Martí,71,Provençals del Poblenou,96,27229
2023,10,Sant Martí,71,Provençals del Poblenou,97,27089
2023,10,Sant Martí,71,Provençals del Poblenou,98,24961
2023,10,Sant Martí,71,Provençals del Poblenou,99,16233
2023,10,Sant Martí,71,Provençals del Poblenou,100,18905
2023,10,Sant Martí,71,Provençals del Poblenou,101,19743
2023,10,Sant Martí,71,Provençals del Poblenou,102,18416
2023,10,Sant Martí,71,Provençals del Poblenou,103,20465
2023,10,Sant Martí,71,Provençals del Poblenou,104,23738
2023,10,Sant Martí,72,Sant Martí de Provençals,105,21729
2023,10,Sant Martí,72,Sant Martí de Provençals,106,19852
2023,10,Sant Martí,72,Sant Martí de Provençals,107,25764
2023,10,Sant Martí,72,Sant Martí de Provençals,108,19785
2023,10,Sant Martí,72,Sant Martí de Provençals,109,18288
2023,10,Sant Martí,72,Sant Martí de Provençals,110,18897
2023,10,Sant Martí,72,Sant Martí de Provençals,111,19989
2023,10,Sant Martí,72,Sant Martí de Provençals,112,24596
2023,10,Sant Martí,72,Sant Martí de Provençals,113,20387
2023,10,Sant Martí,72,Sant Martí de Provençals,114,16286
2023,10,Sant Martí,72,Sant Martí de Provençals,115,18277
2023,10,Sant Martí,72,Sant Martí de Provençals,116,17422
2023,10,Sant Martí,72,Sant Martí de Provençals,117,19097
2023,10,Sant Martí,72,Sant Martí de Provençals,118,24071
2023,10,Sant Martí,72,Sant Martí de Provençals,119,17739
2023,10,Sant Martí,72,Sant Martí de Provençals,120,17814
2023,10,Sant Martí,72,Sant Martí de Provençals,121,18166
2023,10,Sant Martí,72,Sant Martí de Provençals,122,23399
2023,10,Sant Martí,73,la Verneda i la Pau,123,19554
2023,10,Sant Martí,73,la Verneda i la Pau,124,21193
2023,10,Sant Martí,73,la Verneda i la Pau,125,18399
2023,10,Sant Martí,73,la Verneda i la Pau,126,19692
2023,10,Sant Martí,73,la Verneda i la Pau,127,21844
2023,10,Sant Martí,73,la Verneda i la Pau,128,21861
2023,10,Sant Martí,73,la Verneda i la Pau,129,21550
2023,10,Sant Martí,73,la Verneda i la Pau,130,20568
2023,10,Sant Martí,73,la Verneda i la Pau,131,23933
2023,10,Sant Martí,73,la Verneda i la Pau,132,17519
2023,10,Sant Martí,73,la Verneda i la Pau,133,17462
2023,10,Sant Martí,73,la Verneda i la Pau,134,17014
2023,10,Sant Martí,73,la Verneda i la Pau,135,18046
2023,10,Sant Martí,73,la Verneda i la Pau,136,17484
2023,10,Sant Martí,73,la Verneda i la Pau,137,15625
2023,10,Sant Martí,73,la Verneda i la Pau,138,14619
2023,10,Sant Martí,73,la Verneda i la Pau,139,15403
2023,10,Sant Martí,73,la Verneda i la Pau,140,15683
2023,10,Sant Martí,73,la Verneda i la Pau,141,15756
2023,10,Sant Martí,73,la Verneda i la Pau,142,14541
2023,10,Sant Martí,73,la Verneda i la Pau,143,16307
2023,10,Sant Martí,65,el Clot,234,21767
2023,10,Sant Martí,69,Diagonal Mar i el Front Marítim del Poblenou,235,19098
2023,10,Sant Martí,69,Diagonal Mar i el Front Marítim del Poblenou,236,19360
2023,10,Sant Martí,71,Provençals del Poblenou,237,17538
